{"performance": [0.8857142857142857, 0.1571428571428571, 0.65, 0.2666666666666668, 0.425, 0.7428571428571428, 0.9, 1.0, 0.2857142857142856, 0.2857142857142856, 0.7866666666666666, 0.68, 0.5, 0.6666666666666665, 0.875, 1.0, 0.9333333333333333, 0.9428571428571428, 0.7079365079365079, 0.5800000000000001, 0.08333333333333334, 0.2181818181818181, 0.6999999999999998, 0.8888888888888892, 1.0, 1.0, 0.45, 0.575, 0.3216161616161617, 0.0, 0.0, 0.2545454545454546, 0.8000000000000002, 0.8888888888888892, 0.875, 0.7047619047619046, 0.22857142857142848, 0.0, 0.0, 0.0, 0.1, 0.3818181818181819, 0.6999999999999998, 0.6666666666666665, 0.55, 0.0, 0.0, 0.0, 0.0, 0.0, 0.1, 0.3104895104895104, 0.5, 0.16161616161616166, 0.8, 1.0, 0.0, 0.0, 0.0, 0.0, 0.14285714285714282, 0.34545454545454546, 0.4857142857142857, 1.0, 1.0, 0.8, 0.0, 0.075, 0.05333333333333332, 0.8333333333333333, 0.9199999999999999, 0.85, 0.3194444444444445, 1.0, 1.0, 0.0, 0.3174603174603174, 0.6416666666666667, 0.7079365079365079, 0.8, 1.0], "tasksim": [0.989130174731991, 0.989130174731991, 0.989130174731991, 0.989130174731991, 0.989130174731991, 0.989130174731991, 0.989130174731991, 0.989130174731991, 0.989130174731991, 0.989130174731991, 0.989130174731991, 0.989130174731991, 0.989130174731991, 0.989130174731991, 0.989130174731991, 0.989130174731991, 0.989130174731991, 0.989130174731991, 0.989130174731991, 0.989130174731991, 0.989130174731991, 0.989130174731991, 0.989130174731991, 0.989130174731991, 0.989130174731991, 0.989130174731991, 0.989130174731991, 0.989130174731991, 0.989130174731991, 0.989130174731991, 0.989130174731991, 0.989130174731991, 0.989130174731991, 0.989130174731991, 0.989130174731991, 0.989130174731991, 0.989130174731991, 0.989130174731991, 0.989130174731991, 0.989130174731991, 0.989130174731991, 0.989130174731991, 0.989130174731991, 0.989130174731991, 0.989130174731991, 0.989130174731991, 0.989130174731991, 0.989130174731991, 0.989130174731991, 0.989130174731991, 0.989130174731991, 0.989130174731991, 0.989130174731991, 0.989130174731991, 0.989130174731991, 0.989130174731991, 0.989130174731991, 0.989130174731991, 0.989130174731991, 0.989130174731991, 0.989130174731991, 0.989130174731991, 0.989130174731991, 0.989130174731991, 0.989130174731991, 0.989130174731991, 0.989130174731991, 0.989130174731991, 0.989130174731991, 0.989130174731991, 0.989130174731991, 0.989130174731991, 0.989130174731991, 0.989130174731991, 0.989130174731991, 0.989130174731991, 0.989130174731991, 0.989130174731991, 0.989130174731991, 0.989130174731991, 0.989130174731991]}