{"performance": [0.11999999999999995, 0.602020202020202, 0.2, 0.2545454545454546, 0.2, 0.4, 0.8, 0.8, 0.8, 0.7428571428571428, 0.6, 0.4, 0.2, 0.4, 1.0, 1.0, 1.0, 1.0, 0.0, 0.4, 0.36000000000000004, 1.0, 1.0, 1.0, 1.0, 1.0, 0.2, 0.2, 1.0, 1.0, 1.0, 1.0, 1.0, 1.0, 0.55, 1.0, 1.0, 1.0, 1.0, 1.0, 1.0, 1.0, 1.0, 1.0, 1.0, 1.0, 1.0, 1.0, 0.55], "tasksim": [0.9241260813607275, 0.9447328549940108, 0.9456249630365643, 0.945558141633289, 0.9456249630365643, 0.9447328549940108, 0.9241260813607275, 0.9447328549940108, 0.989130174731991, 0.9590183960269322, 0.9565129652388904, 0.9590183960269322, 0.989130174731991, 0.9447328549940108, 0.9456249630365643, 0.9590183960269322, 0.9353330988482182, 0.9311988079967519, 0.9353330988482182, 0.9590183960269322, 0.9456249630365643, 0.945558141633289, 0.9565129652388904, 0.9311988079967519, 0.9271434315062335, 0.9311988079967519, 0.9565129652388904, 0.945558141633289, 0.9456249630365643, 0.9590183960269322, 0.9353330988482182, 0.9311988079967519, 0.9353330988482182, 0.9590183960269322, 0.9456249630365643, 0.9447328549940108, 0.989130174731991, 0.9590183960269322, 0.9565129652388904, 0.9590183960269322, 0.989130174731991, 0.9447328549940108, 0.9241260813607275, 0.9447328549940108, 0.9456249630365643, 0.945558141633289, 0.9456249630365643, 0.9447328549940108, 0.9241260813607275]}